{
  "id": "2547def2-23257-5503",
  "test_loss_mean": 0.02325747236609459,
  "test_loss_std": 0.0009065020785391083,
  "train_size": 116344426,
  "test_size": 285111,
  "widths": [
    256,
    128,
    128
  ]
}