{
  "id": "5f8dfe11-23360-5009",
  "test_loss_mean": 0.023359569124877452,
  "test_loss_std": 0.0008250097137323816,
  "train_size": 116344426,
  "test_size": 285111,
  "widths": [
    256,
    128
  ]
}