{
  "id": "b01bb33e-22773-5365",
  "test_loss_mean": 0.022772591505199672,
  "test_loss_std": 0.0008836423640719355,
  "train_size": 116344426,
  "test_size": 285111,
  "widths": [
    2048,
    256,
    256
  ]
}