{
  "id": "f3ecb654-22524-5881",
  "test_loss_mean": 0.022524131536483763,
  "test_loss_std": 0.0009687489130394937,
  "train_size": 116344426,
  "test_size": 285111,
  "widths": [
    1024,
    256,
    256
  ]
}